{
  "fill" : {
    "automatic-gradient" : "display-p3:0.99391,1.00000,0.97644,1.00000"
  },
  "groups" : [
    {
      "blur-material" : null,
      "layers" : [
        {
          "glass" : true,
          "image-name" : "Octocat.png",
          "name" : "Octocat",
          "position" : {
            "scale" : 1,
            "translation-in-points" : [
              0,
              0
            ]
          }
        }
      ],
      "name" : "Group",
      "position" : {
        "scale" : 1,
        "translation-in-points" : [
          0,
          30
        ]
      },
      "shadow" : {
        "kind" : "neutral",
        "opacity" : 0.5
      },
      "specular" : false,
      "translucency" : {
        "enabled" : true,
        "value" : 0.1
      }
    }
  ],
  "supported-platforms" : {
    "circles" : [
      "watchOS"
    ],
    "squares" : "shared"
  }
}